{
  "id": "2746356",
  "name": "icons",
  "font_family": "iconfont",
  "css_prefix_text": "icon-",
  "description": "",
  "glyphs": [
    {
      "icon_id": "4354835",
      "name": "闭眼睛",
      "font_class": "biyanjing",
      "unicode": "e901",
      "unicode_decimal": 59649
    },
    {
      "icon_id": "5387735",
      "name": "眼睛_隐藏",
      "font_class": "yanjing_yincang",
      "unicode": "eb45",
      "unicode_decimal": 60229
    },
    {
      "icon_id": "5387736",
      "name": "眼睛_显示",
      "font_class": "yanjing_xianshi",
      "unicode": "eb46",
      "unicode_decimal": 60230
    },
    {
      "icon_id": "5388069",
      "name": "眼睛_显示_o",
      "font_class": "yanjing_xianshi_o",
      "unicode": "ebcc",
      "unicode_decimal": 60364
    },
    {
      "icon_id": "5388071",
      "name": "眼睛_隐藏_o",
      "font_class": "yanjing_yincang_o",
      "unicode": "ebcd",
      "unicode_decimal": 60365
    },
    {
      "icon_id": "11372780",
      "name": "眼睛",
      "font_class": "yanjing",
      "unicode": "e8c7",
      "unicode_decimal": 59591
    },
    {
      "icon_id": "2127895",
      "name": "五角星",
      "font_class": "star",
      "unicode": "e81a",
      "unicode_decimal": 59418
    },
    {
      "icon_id": "11169279",
      "name": "箭头",
      "font_class": "jiantou1",
      "unicode": "e605",
      "unicode_decimal": 58885
    },
    {
      "icon_id": "12550616",
      "name": "箭头",
      "font_class": "jiantou2",
      "unicode": "e637",
      "unicode_decimal": 58935
    },
    {
      "icon_id": "15779808",
      "name": "五角星",
      "font_class": "wujiaoxing",
      "unicode": "e712",
      "unicode_decimal": 59154
    },
    {
      "icon_id": "14421470",
      "name": "图形-圆",
      "font_class": "yuanquan_huaban1",
      "unicode": "e66c",
      "unicode_decimal": 58988
    },
    {
      "icon_id": "14421475",
      "name": "图形-直线",
      "font_class": "zhixian_huaban1",
      "unicode": "e66d",
      "unicode_decimal": 58989
    },
    {
      "icon_id": "14421667",
      "name": "图形-矩形",
      "font_class": "juxinggongju_huaban1",
      "unicode": "e67d",
      "unicode_decimal": 59005
    },
    {
      "icon_id": "20411232",
      "name": "图形标注",
      "font_class": "tuxingbiaozhu",
      "unicode": "e87e",
      "unicode_decimal": 59518
    },
    {
      "icon_id": "22426409",
      "name": "箭头",
      "font_class": "jiantou",
      "unicode": "e6cb",
      "unicode_decimal": 59083
    },
    {
      "icon_id": "23713923",
      "name": "三角形",
      "font_class": "sanjiaoxing",
      "unicode": "e624",
      "unicode_decimal": 58916
    },
    {
      "icon_id": "23532309",
      "name": "向右",
      "font_class": "xiangyou",
      "unicode": "e85d",
      "unicode_decimal": 59485
    },
    {
      "icon_id": "23532310",
      "name": "向左",
      "font_class": "xiangzuo",
      "unicode": "e85f",
      "unicode_decimal": 59487
    },
    {
      "icon_id": "23532316",
      "name": "向上",
      "font_class": "xiangshang",
      "unicode": "e861",
      "unicode_decimal": 59489
    },
    {
      "icon_id": "23532341",
      "name": "删除＆减少",
      "font_class": "a-shanchujianshao",
      "unicode": "e862",
      "unicode_decimal": 59490
    },
    {
      "icon_id": "23532351",
      "name": "新增",
      "font_class": "xinzeng",
      "unicode": "e863",
      "unicode_decimal": 59491
    },
    {
      "icon_id": "23532381",
      "name": "关闭",
      "font_class": "guanbi",
      "unicode": "e864",
      "unicode_decimal": 59492
    },
    {
      "icon_id": "23532453",
      "name": "通过＆确定",
      "font_class": "a-tongguoqueding",
      "unicode": "e865",
      "unicode_decimal": 59493
    },
    {
      "icon_id": "5030",
      "name": "购物车满",
      "font_class": "gouwucheman",
      "unicode": "e600",
      "unicode_decimal": 58880
    },
    {
      "icon_id": "23532315",
      "name": "向下",
      "font_class": "xiangxia",
      "unicode": "e85e",
      "unicode_decimal": 59486
    },
    {
      "icon_id": "23453980",
      "name": "橙汁",
      "font_class": "chengzhi",
      "unicode": "e60a",
      "unicode_decimal": 58890
    },
    {
      "icon_id": "23453981",
      "name": "鸡翅",
      "font_class": "jichi",
      "unicode": "e60b",
      "unicode_decimal": 58891
    },
    {
      "icon_id": "23453982",
      "name": "汉堡",
      "font_class": "hanbao",
      "unicode": "e60c",
      "unicode_decimal": 58892
    },
    {
      "icon_id": "23453983",
      "name": "绿茶",
      "font_class": "lvcha",
      "unicode": "e60d",
      "unicode_decimal": 58893
    },
    {
      "icon_id": "20360263",
      "name": "消息",
      "font_class": "xiaoxi",
      "unicode": "f232",
      "unicode_decimal": 62002
    },
    {
      "icon_id": "23505834",
      "name": "black-plane",
      "font_class": "black-plane",
      "unicode": "e614",
      "unicode_decimal": 58900
    },
    {
      "icon_id": "23505843",
      "name": "heartbeat",
      "font_class": "heartbeat",
      "unicode": "e616",
      "unicode_decimal": 58902
    },
    {
      "icon_id": "23505852",
      "name": "gamepad-controller",
      "font_class": "gamepad-controller",
      "unicode": "e617",
      "unicode_decimal": 58903
    },
    {
      "icon_id": "23505853",
      "name": "pawprint",
      "font_class": "pawprint",
      "unicode": "e618",
      "unicode_decimal": 58904
    }
  ]
}
